,referee_id,referee_name,birth_date,nationality
0,0Oq6037M6D,Alan Kelly,1975-04-09,Republic of Ireland
1,0Oq60rxM6D,Matthew Foerster,,USA
2,0Oq6mnX56D,Michael Radchuk,,USA
3,0Oq6vG2q6D,Marcos de Oliveira,,USA
4,2lqRG1WQr0,Lukasz Szpala,,USA
5,2lqRNx4qr0,Geoff Gamble,,USA
6,2lqRokLQr0,Tori Penso,,USA
7,2lqRymD5r0,Victor Rivas,,USA
8,315VrXb59x,Kevin Stott,1967-07-09,USA
9,4JMAYlPMKg,Jon Freemon,,USA
10,4wM40nzMjB,Sorin Stoica,1976-01-05,USA
11,4wM4voBqjB,Ramy Touchan,,USA
12,7VqG6KX5vW,Nima Saghafi,,USA
13,7VqG6Vj5vW,Mathieu Bourdeau,1980-04-24,Canada
14,7VqGEDAMvW,Jaime Herrera,,Mexico
15,7VqGGGzqvW,Yader Reyes,,USA
16,9vQ202r5K6,Hilario Grajeda,1967-09-02,USA
17,9vQ28gY5K6,Elton García,,USA
18,9vQ2mPaqK6,Rosendo Mendoza,,USA
19,9YqdEL9QvJ,José Carlos Rivero,1981-05-02,USA
20,9z5kJ7gMA3,Jair Marrufo,1977-06-17,USA
21,9z5kJJeMA3,Elias Bazakos,,USA
22,9z5kJRKMA3,Ramon Hernandez,,USA
23,a35r6KG5L6,Mark Geiger,1974-08-25,USA
24,a35rgjLqL6,Ismir Pekmic,,USA
25,aDQ00DRQEv,Radu Petrescu,1982-11-12,Romania
26,aDQ0mkPMEv,Pierre-Luc Lauziere,1985-08-12,Canada
27,e7MzPKXqr0,Ismail Elfath,1982-03-03,USA
28,EGMPLlxMaY,Ted Unkel,1978-02-28,USA
29,EGMPPnAMaY,Baldomero Toledo,1970-02-06,USA
30,eVq3vBj5WO,Abbey Okulaja,,USA
31,eVq3vbv5WO,William Anderson,,Puerto Rico
32,gjMNk4v5Kp,Armando Villarreal,1986-05-31,USA
33,gOMnB7AMwN,David Gantar,1975-06-27,Canada
34,gpMOPj15zy,Ioannis Stavridis,,Greece
35,jYQJnnZQGR,Edvin Jurisevic,1975-06-07,USA
36,jYQJnoVQGR,Chris Penso,1982-04-28,USA
37,KAqB3m7Qbg,Robert Sibiga,,USA
38,KPqjb74q6v,Jorge Gonzalez,1968-07-11,USA
39,KPqjDeNM6v,Alex Chilowicz,,USA
40,kRQa9k8QKZ,Timothy Ford,,USA
41,ljqEgwOMx0,Andres Pfefferkorn,,USA
42,ljqExYw5x0,Rubiel Vazquez,,USA
43,ljqEymNqx0,Malik Badawi,,USA
44,Oa5w93jQ14,Kevin Morrison,,Jamaica
45,Oa5w9R9Q14,Juan Guzman,1986-12-18,USA
46,odMX96a5YL,Joseph Dickerson,,USA
47,odMXjR0qYL,Ricardo Salazar,1972-09-06,USA
48,p6qbdV6M0G,Alejandro Mariscal,1980-09-14,USA
49,Pk5LRamQOW,Daniel Fitzgerald,1984-10-19,USA
50,Pk5LRpDQOW,Drew Fischer,1980-07-10,Canada
51,vzqoWjkqap,Allen Chapman,1974-08-18,USA
52,wvq9vKlQWn,Guido Gonzales Jr.,,USA
53,Xj5YrBaqbd,Mark Kadlecik,1977-01-04,USA
54,xW5pgWYMg1,Carlos Rivera,,Peru
55,xW5pW6RMg1,Javier Santos,,Puerto Rico
56,zeQZl7D5Kw,Silviu Petrescu,1968-10-06,Romania
57,zeQZlGK5Kw,Fotis Bazakos,1979-08-03,USA
58,zeQZlOr5Kw,Jorge Luna Hernandez,,USA
